process_step,duration
confirm,128.7836252071483
start,147.16895933014354
step_1,37.71611812150384
step_2,48.13548868763593
step_3,96.85148321623731
