process_step,duration
confirm,128.64666865850015
start,151.41386542033675
step_1,43.00388124744655
step_2,38.673795753600125
step_3,92.95409923056513
